id,first_name,last_name,email,gender,ip_address
1,Alfie,Eller,aeller0@shinystat.com,Non-binary,161.243.177.148
2,Thibaud,Marshall,tmarshall1@flavors.me,Agender,82.199.113.211
3,Suzann,Trask,strask2@umich.edu,Genderqueer,193.140.196.166
4,Marc,Roll,mroll3@ycombinator.com,Genderfluid,52.97.202.33
5,Lulita,Capnor,lcapnor4@ed.gov,Non-binary,164.69.236.173
6,Shanta,Simioli,ssimioli5@businessweek.com,Agender,197.128.6.201
7,Carlene,Daveran,cdaveran6@hhs.gov,Genderfluid,188.230.46.254
8,Adorne,Mettetal,amettetal7@usgs.gov,Female,112.69.80.215
9,Tobi,Mayman,tmayman8@imgur.com,Male,188.242.90.207
10,Julie,Lovart,jlovart9@nih.gov,Male,237.163.47.136
11,Adams,Tregiddo,atregiddoa@yellowbook.com,Genderfluid,119.141.85.107
12,Amalea,Briamo,abriamob@pinterest.com,Agender,102.219.119.61
13,Erroll,Stephenson,estephensonc@ucoz.com,Bigender,248.6.229.201
14,Erhard,Vanlint,evanlintd@biglobe.ne.jp,Agender,175.7.134.203
15,Halsey,Dybbe,hdybbee@opensource.org,Agender,47.45.2.172
16,Flossy,Lamacraft,flamacraftf@webnode.com,Genderqueer,143.56.60.210
17,Robers,Beckley,rbeckleyg@hc360.com,Genderqueer,203.160.148.115
18,Rutledge,Mayho,rmayhoh@ezinearticles.com,Male,27.158.68.107
19,Bambie,Piatkow,bpiatkowi@addtoany.com,Non-binary,131.12.43.120
20,Frannie,O'Logan,fologanj@google.com.hk,Female,152.180.17.28
21,Staci,Bart,sbartk@nytimes.com,Genderqueer,202.37.183.118
22,Hailey,Orthmann,horthmannl@fastcompany.com,Male,59.139.151.13
23,Neala,Kittles,nkittlesm@timesonline.co.uk,Genderfluid,214.147.152.51
24,Stevie,Cantillion,scantillionn@chicagotribune.com,Male,18.204.63.27
25,Evelin,Petrovsky,epetrovskyo@samsung.com,Bigender,170.234.99.109
26,Charil,Brassington,cbrassingtonp@com.com,Genderfluid,113.128.111.199
27,Free,Denness,fdennessq@furl.net,Female,39.131.227.79
28,Gaby,Clarabut,gclarabutr@bbb.org,Bigender,99.234.223.180
29,Beniamino,Laise,blaises@sourceforge.net,Non-binary,86.215.226.35
30,Minnie,Stennine,mstenninet@bloglines.com,Non-binary,241.251.75.36
31,Culver,Conroy,cconroyu@reddit.com,Non-binary,168.98.154.173
32,Kori,Maudling,kmaudlingv@spiegel.de,Genderqueer,242.171.21.132
33,Hayyim,Michelmore,hmichelmorew@go.com,Genderfluid,68.91.154.217
34,Gabie,Brouwer,gbrouwerx@wp.com,Agender,115.244.134.248
35,Michaela,Petett,mpetetty@soundcloud.com,Polygender,142.96.242.35
36,Selby,Maryet,smaryetz@businessweek.com,Polygender,68.97.219.139
37,Laurent,Stephens,lstephens10@home.pl,Genderfluid,76.88.20.116
38,Gertie,Leidecker,gleidecker11@google.fr,Agender,8.110.235.30
39,Town,Tortis,ttortis12@google.com.hk,Polygender,61.181.125.141
40,Ollie,Roch,oroch13@nsw.gov.au,Male,107.190.154.55
41,Kimberley,Mayer,kmayer14@bloglines.com,Female,164.190.154.230
42,Buddy,Lynthal,blynthal15@wsj.com,Agender,26.195.81.78
43,Kimberlee,Rilston,krilston16@prnewswire.com,Non-binary,146.225.11.143
44,Kesley,Crisall,kcrisall17@japanpost.jp,Polygender,2.68.233.117
45,Dov,Dedham,ddedham18@army.mil,Agender,174.162.78.223
46,Fanni,Strand,fstrand19@ning.com,Bigender,154.193.254.137
47,Brad,Erangy,berangy1a@omniture.com,Genderqueer,159.200.162.183
48,Raoul,Hattiff,rhattiff1b@miitbeian.gov.cn,Genderfluid,136.242.62.61
49,Llewellyn,Ryce,lryce1c@harvard.edu,Genderfluid,31.152.72.228
50,Finley,Barnard,fbarnard1d@twitter.com,Genderfluid,215.9.196.101
51,Kacey,Robottom,krobottom1e@wix.com,Genderfluid,156.154.120.66
52,Karlie,Powter,kpowter1f@comsenz.com,Agender,30.192.82.130
53,Diarmid,Houlridge,dhoulridge1g@hostgator.com,Genderqueer,96.62.233.109
54,Tori,Josey,tjosey1h@seattletimes.com,Genderqueer,7.130.77.156
55,August,Fraschetti,afraschetti1i@vinaora.com,Genderqueer,179.202.57.208
56,Becki,Bettridge,bbettridge1j@nyu.edu,Genderfluid,55.17.26.31
57,Arlena,Josephov,ajosephov1k@nsw.gov.au,Agender,188.143.167.108
58,Katee,Matitiaho,kmatitiaho1l@canalblog.com,Non-binary,192.240.8.46
59,Benetta,Birtonshaw,bbirtonshaw1m@issuu.com,Genderfluid,202.146.178.80
60,Erskine,Parham,eparham1n@blogs.com,Female,67.211.92.77
61,Jacenta,Cases,jcases1o@statcounter.com,Female,174.56.195.96
62,Rolfe,McKelvie,rmckelvie1p@dailymail.co.uk,Genderfluid,178.131.122.214
63,Rosaleen,Kewish,rkewish1q@columbia.edu,Non-binary,173.129.203.250
64,Linn,Blooman,lblooman1r@dropbox.com,Male,162.65.155.58
65,Flo,O'Noland,fonoland1s@lulu.com,Bigender,73.136.93.147
66,Torrey,McVeighty,tmcveighty1t@spotify.com,Polygender,130.189.234.225
67,Nikita,Klemke,nklemke1u@arizona.edu,Bigender,102.14.226.179
68,Phylys,Gummory,pgummory1v@yellowpages.com,Non-binary,155.29.20.31
69,Patrizius,Garritley,pgarritley1w@umn.edu,Female,165.188.177.86
70,Normand,Stinton,nstinton1x@nydailynews.com,Non-binary,200.15.240.66
71,Constantine,Matkin,cmatkin1y@posterous.com,Genderfluid,197.156.33.79
72,Curtice,Mulchrone,cmulchrone1z@google.com.br,Bigender,254.103.56.48
73,Arline,Ghost,aghost20@state.tx.us,Genderqueer,14.251.215.142
74,Ginny,Midghall,gmidghall21@latimes.com,Male,188.2.228.167
75,Roshelle,Devon,rdevon22@yahoo.co.jp,Agender,211.100.177.48
76,Amelia,Seebert,aseebert23@163.com,Non-binary,41.92.167.37
77,Ofilia,Tolhurst,otolhurst24@rakuten.co.jp,Polygender,62.7.167.195
78,Derrik,Resdale,dresdale25@ow.ly,Agender,56.169.47.48
79,Leonore,Sprankling,lsprankling26@unblog.fr,Non-binary,90.143.95.166
80,Yoshiko,Daftor,ydaftor27@blinklist.com,Bigender,199.8.124.170
81,Dudley,Plows,dplows28@usnews.com,Genderqueer,247.205.38.42
82,Chantal,Earles,cearles29@google.com.hk,Genderfluid,84.76.47.134
83,Bradford,Beevis,bbeevis2a@apple.com,Genderqueer,243.76.61.173
84,Jarvis,Velti,jvelti2b@alexa.com,Bigender,148.74.169.69
85,Sargent,Ricardo,sricardo2c@blogtalkradio.com,Female,25.127.101.158
86,Franny,Scrimgeour,fscrimgeour2d@forbes.com,Male,255.173.247.247
87,Elise,Wyke,ewyke2e@plala.or.jp,Bigender,213.75.151.144
88,Jermaine,Pragnell,jpragnell2f@pbs.org,Non-binary,32.186.253.58
89,Pauli,Abbatt,pabbatt2g@whitehouse.gov,Male,182.186.11.66
90,Adelind,Eacle,aeacle2h@umn.edu,Female,42.53.123.106
91,Lyndsie,Brose,lbrose2i@auda.org.au,Agender,5.17.198.148
92,Rebekkah,Schohier,rschohier2j@craigslist.org,Genderfluid,200.75.61.173
93,Ainsley,Sweett,asweett2k@comsenz.com,Genderfluid,40.157.162.83
94,Dasie,Nolda,dnolda2l@odnoklassniki.ru,Genderfluid,180.49.156.205
95,Lawry,Loy,lloy2m@samsung.com,Agender,220.171.169.245
96,Cherilynn,Towe,ctowe2n@furl.net,Non-binary,97.53.217.173
97,Arline,Bruty,abruty2o@digg.com,Male,81.189.212.117
98,Sylvan,Larive,slarive2p@amazon.co.jp,Male,14.138.18.17
99,Dillon,Urling,durling2q@skyrock.com,Genderfluid,158.13.175.214
100,Rozele,Nesbitt,rnesbitt2r@tamu.edu,Polygender,74.166.105.118
101,Eunice,MacCrackan,emaccrackan2s@si.edu,Female,240.177.88.64
102,Devina,Frenzel;,dfrenzel2t@home.pl,Agender,173.213.81.19
103,Tiler,Backen,tbacken2u@sakura.ne.jp,Female,171.236.171.5
104,Illa,Swyndley,iswyndley2v@dropbox.com,Polygender,24.77.73.165
105,Charlotta,Secker,csecker2w@boston.com,Bigender,69.118.189.16
106,Egor,Scotchford,escotchford2x@mozilla.org,Non-binary,220.10.130.126
107,Bernie,Dachey,bdachey2y@hugedomains.com,Female,94.124.84.35
108,Wade,Dovidaitis,wdovidaitis2z@unc.edu,Genderfluid,235.136.152.191
109,Wyatan,Seilmann,wseilmann30@timesonline.co.uk,Bigender,50.121.73.113
110,Nerte,Rylstone,nrylstone31@cam.ac.uk,Polygender,83.228.7.24
111,Pierson,Offell,poffell32@cpanel.net,Male,210.29.113.45
112,Erminia,Eggerton,eeggerton33@harvard.edu,Bigender,102.130.130.27
113,Joela,Jochanany,jjochanany34@cnbc.com,Bigender,145.248.105.81
114,Nickolaus,Tander,ntander35@nymag.com,Male,139.26.123.117
115,Page,Dufaur,pdufaur36@blinklist.com,Bigender,218.161.80.97
116,Guillema,O'Donnell,godonnell37@newsvine.com,Genderfluid,159.9.176.77
117,Dixie,Alldis,dalldis38@lycos.com,Non-binary,210.77.60.128
118,Geoffry,Tinton,gtinton39@instagram.com,Genderqueer,229.177.240.190
119,Phyllida,Belcher,pbelcher3a@ft.com,Female,56.141.102.148
120,Jodi,Hayer,jhayer3b@freewebs.com,Polygender,88.79.169.26
121,Veriee,Shall,vshall3c@trellian.com,Non-binary,254.25.183.56
122,Aeriel,Malley,amalley3d@thetimes.co.uk,Male,75.136.101.137
123,Marci,Blowers,mblowers3e@simplemachines.org,Agender,110.195.147.19
124,Bernetta,De Filippis,bdefilippis3f@boston.com,Non-binary,61.143.83.75
125,Wakefield,Balstone,wbalstone3g@princeton.edu,Genderfluid,105.181.22.45
126,Rollo,Cowen,rcowen3h@naver.com,Non-binary,163.58.239.112
127,Jany,Cawdery,jcawdery3i@usatoday.com,Genderqueer,159.20.242.158
128,Matty,Dripps,mdripps3j@cisco.com,Male,130.101.94.47
129,Merv,Ackermann,mackermann3k@yale.edu,Non-binary,62.109.105.59
130,Chevy,Wailes,cwailes3l@php.net,Non-binary,231.39.75.85
131,Miguel,Disman,mdisman3m@imdb.com,Male,192.46.140.109
132,Ruben,Howlin,rhowlin3n@chronoengine.com,Male,128.27.2.49
133,Lesli,Goodinge,lgoodinge3o@multiply.com,Non-binary,67.23.164.34
134,Isabel,Oganesian,ioganesian3p@nbcnews.com,Agender,79.116.232.103
135,Buffy,Gertz,bgertz3q@cornell.edu,Non-binary,177.151.107.43
136,Marius,Frankling,mfrankling3r@umn.edu,Polygender,59.132.230.5
137,Grove,Fiennes,gfiennes3s@yellowbook.com,Agender,137.206.33.222
138,Jorrie,Dearan,jdearan3t@seesaa.net,Polygender,124.233.43.130
139,Bren,Carlisso,bcarlisso3u@sfgate.com,Genderfluid,191.232.134.16
140,Hartley,Quaif,hquaif3v@jimdo.com,Polygender,17.222.204.117
141,Moshe,Dillon,mdillon3w@pinterest.com,Non-binary,128.173.42.2
142,Delano,Haysar,dhaysar3x@purevolume.com,Genderfluid,120.166.251.253
143,Aaron,Million,amillion3y@bing.com,Non-binary,4.11.232.188
144,Orelee,Bellwood,obellwood3z@phoca.cz,Non-binary,238.9.43.183
145,Meade,Renackowna,mrenackowna40@ca.gov,Female,44.248.158.253
146,Benton,Tubb,btubb41@gizmodo.com,Female,218.98.14.225
147,Ado,Lathleiff,alathleiff42@51.la,Genderqueer,38.167.202.254
148,Farris,Mullin,fmullin43@storify.com,Male,164.59.45.46
149,Amelie,Forth,aforth44@trellian.com,Female,24.16.189.239
150,Elana,Classen,eclassen45@woothemes.com,Female,161.176.32.166
151,Cullan,Detloff,cdetloff46@rambler.ru,Male,158.114.2.217
152,Bernadine,Haysham,bhaysham47@rakuten.co.jp,Agender,31.124.228.71
153,Linnet,Geill,lgeill48@reference.com,Non-binary,87.127.92.190
154,Ashia,Kobiela,akobiela49@edublogs.org,Genderfluid,36.32.12.227
155,Ferguson,Meuse,fmeuse4a@ebay.co.uk,Bigender,197.29.108.99
156,Cleo,Lorrimer,clorrimer4b@163.com,Agender,159.86.85.82
157,Justen,Bracey,jbracey4c@tinyurl.com,Genderqueer,38.40.142.241
158,Giacomo,Shoutt,gshoutt4d@themeforest.net,Genderfluid,108.52.138.146
159,Sibilla,Smees,ssmees4e@ocn.ne.jp,Agender,34.104.112.142
160,Tracee,Camerello,tcamerello4f@t.co,Agender,56.114.101.9
161,Car,Keyson,ckeyson4g@amazon.de,Genderqueer,195.183.189.18
162,Bourke,Ors,bors4h@nasa.gov,Male,137.168.242.200
163,Benyamin,Buxcey,bbuxcey4i@xing.com,Genderfluid,122.226.95.15
164,Gregorio,Dodd,gdodd4j@issuu.com,Bigender,15.26.77.39
165,Amara,Squibb,asquibb4k@state.gov,Female,184.248.118.252
166,Friedrick,Shingles,fshingles4l@technorati.com,Genderfluid,230.218.127.20
167,Sigismondo,Dicken,sdicken4m@google.co.jp,Male,100.148.132.173
168,Callida,Chatel,cchatel4n@wp.com,Female,33.92.46.113
169,Melisent,Stud,mstud4o@amazonaws.com,Non-binary,105.12.126.161
170,Hephzibah,Denmead,hdenmead4p@globo.com,Non-binary,254.160.46.119
171,Talia,Barrabeale,tbarrabeale4q@intel.com,Bigender,80.4.152.127
172,Keene,Downgate,kdowngate4r@answers.com,Non-binary,7.220.237.144
173,Theresa,MacAndrew,tmacandrew4s@illinois.edu,Female,15.187.55.28
174,Abbey,Sesons,asesons4t@printfriendly.com,Female,100.158.233.15
175,Charity,Wheelan,cwheelan4u@cdbaby.com,Genderqueer,79.104.158.184
176,Beth,Larrett,blarrett4v@upenn.edu,Female,53.92.172.184
177,Lynne,Winspear,lwinspear4w@so-net.ne.jp,Agender,129.236.101.243
178,Pascal,Kestin,pkestin4x@webnode.com,Female,97.106.158.233
179,Estrellita,Barnhart,ebarnhart4y@icq.com,Bigender,30.120.76.156
180,Ashlee,Hexam,ahexam4z@jimdo.com,Male,121.26.66.53
181,Boonie,Tolomelli,btolomelli50@nba.com,Bigender,140.100.216.155
182,Ede,Tunney,etunney51@businessweek.com,Agender,37.219.246.209
183,Delora,Hanley,dhanley52@shop-pro.jp,Agender,254.42.84.1
184,Lanny,Charter,lcharter53@bloomberg.com,Bigender,117.16.49.132
185,Cyndi,Normanvill,cnormanvill54@drupal.org,Bigender,234.179.203.234
186,Beatrix,Schimek,bschimek55@163.com,Polygender,146.244.113.115
187,Cecily,Martinovic,cmartinovic56@icq.com,Genderqueer,100.195.20.151
188,Nikolaus,Constable,nconstable57@xing.com,Bigender,199.244.213.143
189,Ulrick,MacCathay,umaccathay58@yale.edu,Bigender,81.161.206.53
190,Pierce,Oxford,poxford59@foxnews.com,Polygender,18.156.242.46
191,Maury,Bertl,mbertl5a@nationalgeographic.com,Male,91.61.231.61
192,Carl,Hallwell,challwell5b@about.me,Agender,233.170.157.76
193,Gabi,Totaro,gtotaro5c@fc2.com,Bigender,112.96.165.110
194,Milty,Battey,mbattey5d@un.org,Genderqueer,55.132.222.30
195,Eada,Ayliffe,eayliffe5e@homestead.com,Genderfluid,34.79.206.175
196,Antonietta,Boni,aboni5f@ezinearticles.com,Male,162.143.59.249
197,Ryun,Medlar,rmedlar5g@blog.com,Non-binary,3.233.79.160
198,Buffy,Merrisson,bmerrisson5h@nsw.gov.au,Agender,22.89.86.52
199,Denna,Lory,dlory5i@usda.gov,Female,50.216.29.162
200,Dione,Deary,ddeary5j@mapy.cz,Bigender,119.18.156.110
201,Sarette,Willshaw,swillshaw5k@microsoft.com,Male,109.18.165.5
202,Elaina,Troman,etroman5l@npr.org,Non-binary,130.58.118.252
203,Rab,Silverthorn,rsilverthorn5m@army.mil,Genderqueer,26.138.101.60
204,Tildy,Phillcock,tphillcock5n@histats.com,Male,153.155.172.39
205,Dahlia,D'Errico,dderrico5o@craigslist.org,Genderqueer,182.127.246.156
206,Juliane,Fetherston,jfetherston5p@china.com.cn,Polygender,147.100.217.215
207,Ileane,Cadd,icadd5q@dmoz.org,Agender,112.101.131.11
208,Sly,Tarte,starte5r@hao123.com,Female,79.184.231.75
209,Sallee,Copin,scopin5s@guardian.co.uk,Genderfluid,65.190.155.186
210,Mayor,Ruddock,mruddock5t@ovh.net,Bigender,2.171.64.173
211,Beatrisa,Milward,bmilward5u@arstechnica.com,Male,36.102.62.44
212,Selle,Ogus,sogus5v@ask.com,Genderqueer,86.222.214.11
213,Aubree,Doulton,adoulton5w@disqus.com,Bigender,155.85.22.162
214,Madelon,Froome,mfroome5x@theglobeandmail.com,Male,42.100.185.220
215,Emlynn,Riha,eriha5y@acquirethisname.com,Female,33.204.124.181
216,Berni,Stockwell,bstockwell5z@dmoz.org,Non-binary,26.140.199.229
217,Pammi,Hibling,phibling60@scientificamerican.com,Agender,76.195.40.248
218,Giordano,Rathjen,grathjen61@admin.ch,Genderfluid,133.90.180.135
219,Shayne,Jencey,sjencey62@dyndns.org,Bigender,60.174.13.244
220,Morty,Gainsborough,mgainsborough63@storify.com,Agender,8.13.182.57
221,Meridith,Casini,mcasini64@weebly.com,Genderqueer,163.154.126.173
222,Dex,Trice,dtrice65@gov.uk,Genderfluid,11.155.62.15
223,Eldredge,Maywood,emaywood66@netvibes.com,Polygender,250.8.60.26
224,Gina,Scourge,gscourge67@4shared.com,Polygender,18.205.225.148
225,Marcelia,Caustick,mcaustick68@nsw.gov.au,Female,215.201.93.225
226,Benedikt,Burnapp,bburnapp69@163.com,Agender,231.20.51.211
227,Dacia,Bootton,dbootton6a@google.es,Genderfluid,153.70.63.208
228,Leanna,Kibbee,lkibbee6b@mysql.com,Male,214.225.71.198
229,Englebert,Hegarty,ehegarty6c@aboutads.info,Female,40.135.109.18
230,Bevan,Chestney,bchestney6d@hubpages.com,Male,114.136.132.124
231,Darleen,Phython,dphython6e@friendfeed.com,Agender,239.159.196.121
232,Virgie,Fripp,vfripp6f@nature.com,Genderqueer,73.119.26.144
233,Gavra,Jolin,gjolin6g@state.gov,Bigender,115.29.157.57
234,Huey,Wyleman,hwyleman6h@tumblr.com,Agender,197.22.164.0
235,Guglielma,Bucklee,gbucklee6i@123-reg.co.uk,Agender,119.166.44.91
236,Robby,Halkyard,rhalkyard6j@tinypic.com,Genderfluid,51.117.212.193
237,Charisse,Twede,ctwede6k@paginegialle.it,Genderfluid,164.194.125.211
238,Alana,Ainslee,aainslee6l@umn.edu,Male,115.120.146.185
239,Hillary,Withey,hwithey6m@hexun.com,Male,229.83.72.199
240,Marcia,Leinster,mleinster6n@edublogs.org,Genderqueer,168.88.225.152
241,Leelah,Ruskin,lruskin6o@zimbio.com,Non-binary,85.88.78.61
242,Maxy,Sharram,msharram6p@latimes.com,Male,241.85.86.114
243,Nollie,Vowdon,nvowdon6q@free.fr,Non-binary,111.228.104.6
244,Nikolos,Edwards,nedwards6r@tuttocitta.it,Genderfluid,5.101.142.45
245,Randi,Abrams,rabrams6s@mediafire.com,Bigender,207.61.198.225
246,Jena,Labbet,jlabbet6t@globo.com,Genderqueer,47.120.246.227
247,Leroi,Sillwood,lsillwood6u@fema.gov,Female,173.66.145.200
248,Vallie,Wicher,vwicher6v@cdbaby.com,Bigender,149.105.81.62
249,Eugine,Neller,eneller6w@addtoany.com,Male,240.180.90.99
250,Yolande,Dailey,ydailey6x@ezinearticles.com,Female,218.146.94.19
251,Dollie,Brunn,dbrunn6y@census.gov,Non-binary,178.226.184.201
252,Nicholas,Wolland,nwolland6z@businessweek.com,Non-binary,119.27.229.184
253,Aleta,Bolin,abolin70@stanford.edu,Agender,109.137.180.163
254,Brady,Sackey,bsackey71@comsenz.com,Genderfluid,75.218.254.18
255,Archibaldo,Gerholz,agerholz72@google.com.au,Agender,86.148.132.41
256,Templeton,Gascard,tgascard73@marketwatch.com,Non-binary,60.171.34.31
257,Cherida,Suff,csuff74@webnode.com,Male,48.171.27.242
258,Leo,Buzza,lbuzza75@smugmug.com,Genderfluid,12.136.243.55
259,Jillian,Bartlett,jbartlett76@mail.ru,Female,245.107.109.138
260,Halsy,Rustman,hrustman77@icio.us,Agender,91.100.172.72
261,Hector,Skewis,hskewis78@tmall.com,Bigender,235.31.158.94
262,Noam,Osipov,nosipov79@bloglines.com,Female,155.225.167.188
263,Melva,Aitken,maitken7a@yale.edu,Agender,42.179.39.159
264,Ansell,Oulet,aoulet7b@gravatar.com,Non-binary,1.195.231.212
265,Rowan,Hesser,rhesser7c@technorati.com,Non-binary,169.103.253.18
266,Faunie,Logg,flogg7d@disqus.com,Genderfluid,0.221.226.31
267,Cornelia,Illwell,cillwell7e@google.ru,Genderfluid,249.91.241.162
268,Grace,Mogey,gmogey7f@360.cn,Male,191.180.107.158
269,Jerri,Heavens,jheavens7g@fda.gov,Non-binary,216.130.53.242
270,Annabel,Pigdon,apigdon7h@shop-pro.jp,Male,254.54.50.82
271,Elspeth,McGarvey,emcgarvey7i@joomla.org,Genderfluid,230.31.45.38
272,Corrinne,Brussell,cbrussell7j@google.de,Polygender,107.226.155.141
273,Arlena,Brute,abrute7k@yellowbook.com,Agender,83.194.204.246
274,Rock,Bantham,rbantham7l@topsy.com,Genderqueer,143.92.130.247
275,Mallorie,Wyman,mwyman7m@e-recht24.de,Genderqueer,246.44.58.98
276,Roldan,Ouchterlony,rouchterlony7n@wikimedia.org,Genderfluid,218.44.5.184
277,Balduin,Simone,bsimone7o@wunderground.com,Genderqueer,84.104.228.220
278,Webb,Verring,wverring7p@epa.gov,Female,187.142.56.81
279,Morlee,Dean,mdean7q@vkontakte.ru,Male,147.97.92.63
280,Brendon,Lints,blints7r@nih.gov,Male,42.61.219.96
281,Lothaire,Kornes,lkornes7s@hatena.ne.jp,Bigender,245.243.241.183
282,Bartel,Tibbotts,btibbotts7t@gov.uk,Agender,241.238.218.220
283,Brittney,Mandrier,bmandrier7u@addtoany.com,Bigender,36.23.174.31
284,Doralia,Rehorek,drehorek7v@usnews.com,Female,135.3.68.193
285,Shaun,Sizland,ssizland7w@hibu.com,Agender,90.71.202.182
286,Alyssa,Borland,aborland7x@blogger.com,Non-binary,196.73.123.228
287,Lindie,Corking,lcorking7y@photobucket.com,Bigender,74.71.162.10
288,Teri,Armytage,tarmytage7z@sun.com,Non-binary,244.94.180.107
289,Gerhardine,Southcomb,gsouthcomb80@amazon.de,Agender,236.150.48.241
290,Valaria,Sloss,vsloss81@a8.net,Agender,196.204.156.26
291,Addison,Stellman,astellman82@mozilla.org,Genderfluid,67.161.200.5
292,Ericha,Burchmore,eburchmore83@hud.gov,Female,65.60.206.89
293,Mart,Hartle,mhartle84@trellian.com,Non-binary,106.96.54.177
294,Lock,Stickler,lstickler85@apache.org,Agender,213.120.195.180
295,Rey,Kenson,rkenson86@forbes.com,Genderqueer,212.160.120.115
296,Cahra,Staveley,cstaveley87@liveinternet.ru,Genderqueer,175.145.197.142
297,Kore,Vedekhov,kvedekhov88@is.gd,Male,164.87.144.201
298,Lindi,Blonfield,lblonfield89@addtoany.com,Male,247.90.56.151
299,Sean,Cumberledge,scumberledge8a@webs.com,Polygender,51.82.172.47
300,Zaccaria,Mcsarry,zmcsarry8b@amazonaws.com,Non-binary,252.242.114.185
301,Karney,Dickins,kdickins8c@hexun.com,Polygender,243.137.189.120
302,Ileane,Whightman,iwhightman8d@weibo.com,Agender,163.241.132.27
303,Gerry,Wakeman,gwakeman8e@ca.gov,Female,142.122.93.131
304,Aviva,Sekulla,asekulla8f@unesco.org,Genderqueer,179.88.122.155
305,Sheela,Vobes,svobes8g@deliciousdays.com,Male,91.209.6.57
306,Parsifal,Daughtrey,pdaughtrey8h@icio.us,Female,181.190.52.5
307,Jeremy,Cianelli,jcianelli8i@google.com.au,Genderqueer,234.32.75.221
308,Eleni,Dowdell,edowdell8j@ovh.net,Non-binary,16.234.12.211
309,Ninnetta,Fray,nfray8k@acquirethisname.com,Non-binary,209.141.58.48
310,Tandi,Southam,tsoutham8l@amazon.co.uk,Bigender,220.192.228.89
311,Levy,Passe,lpasse8m@shinystat.com,Genderfluid,199.160.75.19
312,Waiter,Drohane,wdrohane8n@cyberchimps.com,Polygender,77.182.21.62
313,Taddeo,Jimson,tjimson8o@twitter.com,Female,50.24.221.201
314,Krystal,Frome,kfrome8p@amazon.de,Genderqueer,232.211.152.38
315,Kaleb,Durston,kdurston8q@multiply.com,Polygender,125.66.172.176
316,Abigail,Dodimead,adodimead8r@oaic.gov.au,Genderqueer,202.47.249.131
317,Myer,Tyrer,mtyrer8s@time.com,Male,52.174.204.180
318,Jamil,Hannam,jhannam8t@deviantart.com,Non-binary,86.120.85.225
319,Sonny,Lucia,slucia8u@instagram.com,Agender,168.120.45.88
320,Feliza,Wessing,fwessing8v@mtv.com,Male,134.252.162.116
321,Sharyl,Roots,sroots8w@europa.eu,Non-binary,193.216.194.221
322,Paxton,Martinet,pmartinet8x@ning.com,Male,62.255.106.122
323,Alden,Oles,aoles8y@paginegialle.it,Genderfluid,73.249.21.29
324,Brit,Poser,bposer8z@bing.com,Genderqueer,76.132.219.152
325,Austin,Congreve,acongreve90@lulu.com,Female,195.237.235.91
326,Candis,Deave,cdeave91@cloudflare.com,Bigender,171.32.55.139
327,Sallie,Spatig,sspatig92@livejournal.com,Genderfluid,143.57.145.66
328,Chastity,Tunmore,ctunmore93@bluehost.com,Genderqueer,222.174.249.227
329,Charla,Bounde,cbounde94@berkeley.edu,Genderfluid,169.221.253.155
330,Dur,Lilywhite,dlilywhite95@globo.com,Polygender,193.218.201.142
331,Ruben,Geer,rgeer96@psu.edu,Bigender,152.138.29.82
332,Penny,Stearnes,pstearnes97@intel.com,Male,40.197.223.84
333,Natty,Cockcroft,ncockcroft98@tinypic.com,Male,214.94.43.162
334,Theodora,Gingle,tgingle99@cbslocal.com,Male,111.10.60.65
335,Christabella,Sandyford,csandyford9a@wikia.com,Polygender,227.151.63.96
336,Ugo,Stoacley,ustoacley9b@newsvine.com,Genderfluid,63.19.115.227
337,Sophie,Forker,sforker9c@pcworld.com,Genderfluid,190.171.169.178
338,Elmo,Fanthome,efanthome9d@auda.org.au,Genderfluid,60.66.114.127
339,Trudie,Hastler,thastler9e@census.gov,Genderqueer,10.158.182.213
340,Dwain,Riddington,driddington9f@shutterfly.com,Female,26.181.117.92
341,Zahara,O'Cullen,zocullen9g@toplist.cz,Male,173.70.227.53
342,Olly,Borton,oborton9h@miibeian.gov.cn,Female,228.106.247.237
343,Alix,Hanbridge,ahanbridge9i@nymag.com,Genderqueer,173.99.171.238
344,Hailee,Zemler,hzemler9j@house.gov,Female,205.115.42.123
345,Gery,Sudworth,gsudworth9k@rediff.com,Bigender,160.47.223.78
346,Waiter,Isaak,wisaak9l@tinypic.com,Genderqueer,224.58.2.255
347,Clemente,Dalliston,cdalliston9m@msu.edu,Female,70.136.61.30
348,Barnard,Dimont,bdimont9n@utexas.edu,Non-binary,113.43.179.201
349,Blondie,Conville,bconville9o@mozilla.org,Bigender,13.211.134.222
350,Loralee,Sked,lsked9p@auda.org.au,Female,7.206.203.133
351,Chrissy,Kovacs,ckovacs9q@netlog.com,Bigender,200.241.209.220
352,Dorthea,Brandone,dbrandone9r@seesaa.net,Polygender,25.141.250.213
353,Ema,Crole,ecrole9s@yellowpages.com,Polygender,130.64.5.210
354,Prentice,Kareman,pkareman9t@weather.com,Bigender,76.28.187.196
355,Viva,Tousy,vtousy9u@dyndns.org,Bigender,81.208.248.88
356,Emmaline,Richard,erichard9v@cornell.edu,Female,4.147.167.173
357,Abbot,Parkeson,aparkeson9w@godaddy.com,Male,67.154.53.184
358,Michaela,Frawley,mfrawley9x@cloudflare.com,Female,134.81.106.96
359,Albert,Breagan,abreagan9y@chronoengine.com,Female,176.252.118.78
360,Pansie,Iacovazzi,piacovazzi9z@cocolog-nifty.com,Genderfluid,209.122.14.82
361,Eddie,Duckhouse,educkhousea0@fastcompany.com,Female,13.223.150.131
362,Lynn,Martugin,lmartugina1@histats.com,Genderfluid,188.47.204.149
363,Malchy,Klauber,mklaubera2@merriam-webster.com,Male,85.100.35.217
364,Allan,Clewes,aclewesa3@icq.com,Bigender,24.3.223.131
365,Morganica,Mattevi,mmattevia4@ox.ac.uk,Female,64.238.235.27
366,Georgeanne,Skyner,gskynera5@typepad.com,Male,135.145.124.184
367,Myrtie,Garard,mgararda6@state.gov,Female,172.22.26.74
368,Gearalt,Hails,ghailsa7@shutterfly.com,Genderqueer,146.43.92.45
369,Juieta,Koubek,jkoubeka8@ihg.com,Polygender,7.135.53.43
370,Clio,Howton,chowtona9@mayoclinic.com,Male,169.248.33.134
371,Una,Matuska,umatuskaaa@a8.net,Polygender,231.215.230.204
372,Lorianne,Kember,lkemberab@reddit.com,Genderfluid,223.199.51.68
373,Renaldo,Perri,rperriac@deviantart.com,Genderqueer,60.71.187.172
374,Dorry,Dugood,ddugoodad@microsoft.com,Male,175.59.49.42
375,Vinita,Finlayson,vfinlaysonae@angelfire.com,Genderfluid,20.240.88.20
376,Randee,Layus,rlayusaf@constantcontact.com,Non-binary,137.55.216.214
377,Sinclare,Haveline,shavelineag@symantec.com,Non-binary,216.111.189.136
378,Angela,Ruggs,aruggsah@earthlink.net,Genderqueer,208.175.161.42
379,Geri,Langstrath,glangstrathai@state.tx.us,Polygender,112.122.239.79
380,Merle,Holtaway,mholtawayaj@vk.com,Female,245.252.46.23
381,Jillian,Gooddy,jgooddyak@github.com,Agender,93.130.223.7
382,Dulcinea,Barnewille,dbarnewilleal@rambler.ru,Bigender,229.248.72.75
383,Edee,Rhodus,erhodusam@boston.com,Bigender,251.131.171.203
384,Ailina,Jouanny,ajouannyan@miitbeian.gov.cn,Bigender,135.213.86.74
385,Cherlyn,Gallihawk,cgallihawkao@lulu.com,Non-binary,199.195.77.196
386,Rina,Loxston,rloxstonap@acquirethisname.com,Male,229.245.173.104
387,Bernice,Laflin,blaflinaq@ning.com,Agender,206.139.24.20
388,Dougie,Allison,dallisonar@bravesites.com,Genderqueer,44.137.107.188
389,Rowland,Bridewell,rbridewellas@360.cn,Bigender,109.217.145.15
390,Shaughn,Willment,swillmentat@odnoklassniki.ru,Bigender,236.20.35.161
391,Clarence,Joerning,cjoerningau@mysql.com,Bigender,193.108.91.188
392,Averyl,Critzen,acritzenav@blinklist.com,Female,217.123.144.206
393,Jonell,Tremathick,jtremathickaw@wordpress.org,Female,129.109.28.175
394,Deonne,Glentworth,dglentworthax@cbslocal.com,Agender,79.145.131.63
395,Jens,Demcak,jdemcakay@sohu.com,Genderqueer,91.87.129.249
396,Nil,Fenlon,nfenlonaz@eepurl.com,Non-binary,143.218.128.58
397,Geoffry,Balharrie,gbalharrieb0@trellian.com,Agender,3.29.206.65
398,Chaddie,Huttley,chuttleyb1@wsj.com,Agender,10.184.20.175
399,Tracy,Georgeou,tgeorgeoub2@netlog.com,Agender,40.128.15.192
400,Emma,Scarff,escarffb3@mysql.com,Male,53.248.76.143
401,Celene,Jermy,cjermyb4@businessinsider.com,Male,234.237.124.202
402,Thibaut,Oliva,tolivab5@businessweek.com,Bigender,179.203.24.213
403,Estrella,Cella,ecellab6@webmd.com,Non-binary,131.74.173.148
404,Roze,Meininking,rmeininkingb7@creativecommons.org,Genderqueer,0.201.222.218
405,Jelene,Hayer,jhayerb8@tripod.com,Female,242.215.116.0
406,Dredi,Jebb,djebbb9@virginia.edu,Agender,14.89.88.195
407,Evangelina,McConnachie,emcconnachieba@wix.com,Polygender,51.214.185.196
408,Westleigh,Jacombs,wjacombsbb@hostgator.com,Female,109.190.101.72
409,Allie,Clowley,aclowleybc@ft.com,Polygender,27.100.175.153
410,Sarina,Sambell,ssambellbd@artisteer.com,Male,244.44.89.87
411,Rhody,Hanning,rhanningbe@bluehost.com,Genderfluid,33.86.172.121
412,Barbabra,Pierrepont,bpierrepontbf@vimeo.com,Genderqueer,186.113.137.63
413,Rickie,Jesse,rjessebg@amazon.co.uk,Genderfluid,166.122.212.213
414,Andrea,Epsly,aepslybh@google.com,Female,250.156.73.39
415,Nichols,Martignon,nmartignonbi@nasa.gov,Polygender,122.96.25.128
416,Sianna,Claworth,sclaworthbj@rambler.ru,Genderqueer,185.14.98.152
417,Mercedes,Kitley,mkitleybk@go.com,Non-binary,197.137.93.168
418,Judah,Eggins,jegginsbl@privacy.gov.au,Agender,6.141.87.243
419,Karyl,Freiburger,kfreiburgerbm@example.com,Polygender,156.91.185.217
420,Miguelita,Rust,mrustbn@pagesperso-orange.fr,Female,196.213.214.150
421,Wolfie,Stern,wsternbo@blog.com,Polygender,75.10.111.139
422,Haily,Garci,hgarcibp@blogspot.com,Genderfluid,0.247.49.127
423,Millard,Heelis,mheelisbq@discovery.com,Bigender,52.98.65.213
424,Cammy,Surgenor,csurgenorbr@cargocollective.com,Non-binary,247.59.146.80
425,Nonna,Belbin,nbelbinbs@ocn.ne.jp,Polygender,243.60.15.243
426,Cassie,Imason,cimasonbt@mediafire.com,Male,201.195.149.6
427,Meryl,Rimour,mrimourbu@va.gov,Polygender,230.102.131.80
428,Gerome,Trask,gtraskbv@nsw.gov.au,Male,160.242.15.169
429,Tybie,Peachment,tpeachmentbw@parallels.com,Male,243.37.52.154
430,Ryan,Bamforth,rbamforthbx@illinois.edu,Genderqueer,115.242.195.61
431,Janeczka,Howse,jhowseby@discuz.net,Female,36.94.222.148
432,Marylin,Huckell,mhuckellbz@howstuffworks.com,Bigender,40.121.223.54
433,Linus,Lattos,llattosc0@exblog.jp,Genderfluid,253.97.194.91
434,Berty,Lissandre,blissandrec1@ihg.com,Polygender,239.83.95.207
435,Maybelle,Olenov,molenovc2@toplist.cz,Female,49.170.23.179
436,Annabell,Woonton,awoontonc3@creativecommons.org,Polygender,1.142.101.76
437,Waring,Sanchis,wsanchisc4@irs.gov,Bigender,137.203.143.73
438,Peirce,Matuska,pmatuskac5@soup.io,Genderfluid,37.168.176.205
439,Arie,Braams,abraamsc6@github.io,Female,138.198.247.0
440,Devy,Crumb,dcrumbc7@tumblr.com,Non-binary,180.233.115.154
441,Jammie,Rawlcliffe,jrawlcliffec8@google.ca,Genderqueer,190.124.113.242
442,Janeta,Luckman,jluckmanc9@friendfeed.com,Female,208.84.215.229
443,Gav,Steggles,gstegglesca@census.gov,Male,113.142.254.95
444,Ranique,Hollingshead,rhollingsheadcb@ft.com,Male,78.176.7.12
445,Emilio,Hencke,ehenckecc@fastcompany.com,Male,198.3.170.98
446,Chrissy,Capron,ccaproncd@youku.com,Genderqueer,15.15.211.113
447,Orelia,Turbefield,oturbefieldce@independent.co.uk,Bigender,20.61.174.7
448,Em,Melliard,emelliardcf@ezinearticles.com,Male,177.194.35.183
449,Victor,Wetherald,vwetheraldcg@bbb.org,Female,156.163.88.80
450,Danell,Gaines,dgainesch@techcrunch.com,Agender,191.84.150.72
451,Llywellyn,Rainer,lrainerci@opensource.org,Polygender,91.155.57.50
452,Lenee,Ludy,lludycj@hao123.com,Genderqueer,235.73.150.194
453,Kaleena,Aslam,kaslamck@qq.com,Genderfluid,2.110.234.179
454,Eddie,Gravey,egraveycl@ebay.com,Polygender,156.246.122.175
455,Amargo,Pahl,apahlcm@facebook.com,Bigender,203.134.98.133
456,Annecorinne,Hickenbottom,ahickenbottomcn@google.es,Male,0.187.240.123
457,Garry,Echalier,gechalierco@bizjournals.com,Female,170.95.28.240
458,Maurizia,Jakovijevic,mjakovijeviccp@booking.com,Agender,26.95.157.54
459,Joann,MacGarrity,jmacgarritycq@posterous.com,Polygender,196.45.140.222
460,Anetta,Jaskowicz,ajaskowiczcr@miibeian.gov.cn,Genderqueer,234.24.207.245
461,Cale,Strickett,cstrickettcs@eventbrite.com,Bigender,29.8.33.13
462,Sibley,Oolahan,soolahanct@va.gov,Genderfluid,144.25.50.168
463,Iormina,O'Docherty,iodochertycu@chron.com,Genderfluid,72.208.31.48
464,Querida,Keddle,qkeddlecv@soup.io,Polygender,219.101.148.13
465,Adolphe,Skerrett,askerrettcw@webmd.com,Bigender,14.96.186.88
466,Wesley,De Gregorio,wdegregoriocx@nhs.uk,Agender,58.199.135.165
467,Violet,Pittet,vpittetcy@instagram.com,Agender,156.215.50.196
468,Gloriana,Paige,gpaigecz@pinterest.com,Genderfluid,141.247.154.221
469,Rossie,Douthwaite,rdouthwaited0@scribd.com,Bigender,85.83.154.122
470,Mattie,Wolverson,mwolversond1@themeforest.net,Agender,144.134.37.91
471,Bordy,Caunter,bcaunterd2@linkedin.com,Agender,49.169.231.82
472,Alyce,Beagles,abeaglesd3@phoca.cz,Male,212.42.207.161
473,Joice,Korting,jkortingd4@bravesites.com,Polygender,133.242.207.84
474,Biron,Martinetto,bmartinettod5@naver.com,Genderfluid,2.109.225.202
475,Adele,Haney,ahaneyd6@squidoo.com,Non-binary,194.229.225.91
476,Grove,Rops,gropsd7@spotify.com,Bigender,197.214.149.176
477,Stewart,Bray,sbrayd8@gizmodo.com,Genderfluid,5.185.33.177
478,Mellicent,Rupke,mrupked9@ca.gov,Bigender,118.98.65.233
479,Gabriell,Swin,gswinda@cornell.edu,Male,198.110.245.2
480,Bevan,Exell,bexelldb@foxnews.com,Male,241.208.184.177
481,Goldie,Worral,gworraldc@icq.com,Female,106.17.223.202
482,Idaline,Dyster,idysterdd@sogou.com,Bigender,20.122.208.127
483,Zorana,Corpe,zcorpede@narod.ru,Non-binary,74.231.223.244
484,Kally,Handscombe,khandscombedf@cbslocal.com,Agender,225.208.119.109
485,Codie,Louca,cloucadg@soundcloud.com,Male,184.49.79.214
486,Brion,Yesichev,byesichevdh@alexa.com,Female,163.205.124.41
487,Brew,Troop,btroopdi@shop-pro.jp,Non-binary,110.5.18.96
488,Vi,Giacopetti,vgiacopettidj@themeforest.net,Female,128.88.53.78
489,Merridie,Varga,mvargadk@wiley.com,Genderqueer,240.239.199.141
490,Berk,Stangroom,bstangroomdl@ucla.edu,Non-binary,252.32.63.221
491,Brinn,Gabbitas,bgabbitasdm@histats.com,Bigender,57.221.76.130
492,Reggy,McGuff,rmcguffdn@hexun.com,Polygender,47.172.203.135
493,Erl,Urwin,eurwindo@jugem.jp,Genderfluid,14.169.18.238
494,Marchall,Worge,mworgedp@ucoz.com,Male,139.217.102.190
495,Chucho,Izachik,cizachikdq@mysql.com,Agender,10.205.131.229
496,Sheilah,Grassot,sgrassotdr@oracle.com,Non-binary,56.223.86.22
497,Ruddie,Stailey,rstaileyds@symantec.com,Non-binary,202.233.250.180
498,Melvyn,Siddens,msiddensdt@scribd.com,Female,24.227.236.251
499,Sterling,Bulteel,sbulteeldu@wikispaces.com,Genderfluid,231.142.1.82
500,Vincents,Choppin,vchoppindv@cdbaby.com,Polygender,156.152.214.82
501,Jonathan,Spurnier,jspurnierdw@liveinternet.ru,Genderfluid,144.248.164.253
502,Therese,Littlejohn,tlittlejohndx@deviantart.com,Agender,254.92.33.100
503,Starlene,Briers,sbriersdy@delicious.com,Non-binary,49.129.90.209
504,Prinz,Wink,pwinkdz@bandcamp.com,Polygender,95.189.208.20
505,Georgina,Lackey,glackeye0@epa.gov,Male,161.29.82.171
506,Zola,Keming,zkeminge1@wufoo.com,Agender,40.129.31.95
507,Curran,Houten,choutene2@linkedin.com,Polygender,190.169.80.116
508,Vitia,Hambleton,vhambletone3@e-recht24.de,Agender,27.43.42.52
509,Olive,Spraging,ospraginge4@senate.gov,Genderfluid,192.59.20.96
510,Maribel,Carding,mcardinge5@webmd.com,Female,81.73.75.222
511,Krysta,Ormond,kormonde6@hao123.com,Polygender,28.104.82.43
512,Lyle,Kleinfeld,lkleinfelde7@themeforest.net,Non-binary,30.63.105.172
513,Karleen,Carah,kcarahe8@cisco.com,Bigender,195.2.127.187
514,Mirelle,Mabee,mmabeee9@ucsd.edu,Agender,214.178.235.90
515,Licha,Varfalameev,lvarfalameevea@sciencedirect.com,Female,122.18.250.55
516,Quentin,MacKintosh,qmackintosheb@ycombinator.com,Bigender,41.177.31.26
517,Jorey,De Maine,jdemaineec@themeforest.net,Genderfluid,220.225.158.49
518,Pablo,Medendorp,pmedendorped@arizona.edu,Female,143.214.159.85
519,Jodie,Leadbeater,jleadbeateree@thetimes.co.uk,Male,54.197.187.228
520,Troy,Sabatini,tsabatinief@skyrock.com,Agender,170.139.171.59
521,Jannel,Shine,jshineeg@weibo.com,Genderqueer,37.205.200.66
522,Edgard,Isaacson,eisaacsoneh@typepad.com,Non-binary,96.46.11.203
523,Shay,Rubens,srubensei@netlog.com,Agender,10.62.253.207
524,Lucinda,Cosham,lcoshamej@cbsnews.com,Polygender,180.227.152.83
525,Lock,Ionnidis,lionnidisek@booking.com,Agender,12.140.254.64
526,Kandy,Rathmell,krathmellel@answers.com,Male,116.182.87.205
527,Ivonne,Ollington,iollingtonem@nbcnews.com,Genderqueer,11.253.66.209
528,Sabine,Luparto,slupartoen@sakura.ne.jp,Agender,91.70.32.216
529,Lorens,Ivanikov,livanikoveo@about.me,Bigender,138.124.165.134
530,Thom,Powner,tpownerep@delicious.com,Male,52.140.109.34
531,Vitoria,Burlingham,vburlinghameq@wisc.edu,Agender,180.147.199.126
532,Filberte,O'Beirne,fobeirneer@imgur.com,Bigender,65.13.107.58
533,Trixie,Fivey,tfiveyes@booking.com,Genderqueer,179.140.73.199
534,Cece,Quarton,cquartonet@smugmug.com,Non-binary,24.2.69.253
535,Del,Toombes,dtoombeseu@squidoo.com,Polygender,78.168.14.43
536,Angel,McNelis,amcnelisev@dot.gov,Polygender,83.196.153.240
537,Natalya,McReedy,nmcreedyew@paginegialle.it,Female,214.166.209.66
538,Shelba,Pittle,spittleex@businesswire.com,Agender,5.184.35.243
539,Frieda,Mapplebeck,fmapplebeckey@japanpost.jp,Genderfluid,123.52.27.200
540,Kelcie,Whitchurch,kwhitchurchez@un.org,Polygender,66.52.46.208
541,Borg,Zupo,bzupof0@indiegogo.com,Agender,119.16.197.107
542,Elberta,Esel,eeself1@nymag.com,Bigender,159.57.143.33
543,Travus,MacCaughan,tmaccaughanf2@elegantthemes.com,Agender,146.187.71.21
544,Debi,Sheircliffe,dsheircliffef3@1688.com,Bigender,109.127.144.215
545,Cleo,Tonkes,ctonkesf4@g.co,Genderfluid,141.112.120.220
546,Elston,Filson,efilsonf5@timesonline.co.uk,Genderqueer,44.24.29.45
547,Andy,Brislan,abrislanf6@tripadvisor.com,Agender,172.211.96.112
548,Peggie,Godspede,pgodspedef7@mit.edu,Genderqueer,184.139.192.70
549,Elena,Seamans,eseamansf8@google.ru,Agender,109.105.11.58
550,Ulrike,McGuffie,umcguffief9@pen.io,Polygender,86.173.102.171
551,Lib,Brampton,lbramptonfa@1688.com,Non-binary,12.126.37.18
552,Peyter,McIlhagga,pmcilhaggafb@shinystat.com,Male,99.176.96.229
553,Ronnica,Mickan,rmickanfc@ted.com,Genderfluid,134.215.254.182
554,Ileana,Burchill,iburchillfd@weather.com,Agender,182.30.68.184
555,Cassius,Kalkhoven,ckalkhovenfe@elpais.com,Bigender,156.147.162.4
556,Dore,Legrice,dlegriceff@google.com.hk,Non-binary,121.53.21.109
557,Nomi,Wenban,nwenbanfg@behance.net,Polygender,187.98.155.202
558,Reynolds,Farrand,rfarrandfh@slashdot.org,Polygender,170.248.144.228
559,Ethyl,Bill,ebillfi@epa.gov,Female,238.120.240.20
560,Ellary,Giannazzo,egiannazzofj@howstuffworks.com,Genderfluid,231.211.81.109
561,Andree,Scarsbrick,ascarsbrickfk@wikipedia.org,Bigender,225.237.73.159
562,Rand,Cohr,rcohrfl@chicagotribune.com,Polygender,44.192.48.113
563,Ruben,Barras,rbarrasfm@reuters.com,Female,225.122.192.44
564,Jewelle,Ansill,jansillfn@theguardian.com,Female,197.49.179.116
565,Justen,Empleton,jempletonfo@chicagotribune.com,Agender,114.195.226.251
566,Halie,Picardo,hpicardofp@woothemes.com,Polygender,173.110.14.166
567,Bengt,Mcettrick,bmcettrickfq@360.cn,Male,203.49.208.154
568,Gav,Mansel,gmanselfr@dailymail.co.uk,Genderfluid,22.64.23.8
569,Wendye,Casterton,wcastertonfs@mapquest.com,Polygender,128.146.175.146
570,Erik,Matejka,ematejkaft@ow.ly,Agender,158.136.235.231
571,Marian,Richardsson,mrichardssonfu@blinklist.com,Non-binary,129.140.114.101
572,Giustina,Westmarland,gwestmarlandfv@miitbeian.gov.cn,Agender,96.67.36.143
573,Norri,Wigan,nwiganfw@bloglovin.com,Bigender,235.134.102.85
574,Dorey,Stoven,dstovenfx@drupal.org,Agender,48.197.75.43
575,Honor,Eakeley,heakeleyfy@wix.com,Genderqueer,254.99.14.250
576,Ronnie,Yegorovnin,ryegorovninfz@bizjournals.com,Bigender,171.34.98.22
577,Alleyn,Styan,astyang0@xrea.com,Polygender,253.154.24.21
578,Eugenia,Cagan,ecagang1@ustream.tv,Non-binary,244.54.46.36
579,Harmon,Atcherley,hatcherleyg2@imdb.com,Bigender,182.202.142.66
580,Lauraine,Fandrey,lfandreyg3@guardian.co.uk,Male,243.103.200.95
581,Stanislaus,Joe,sjoeg4@360.cn,Genderqueer,186.160.221.11
582,Mignonne,O' Mullan,momullang5@umich.edu,Male,43.230.141.208
583,Fallon,Hasely,fhaselyg6@addthis.com,Non-binary,18.75.91.195
584,Ginger,Forrington,gforringtong7@xing.com,Non-binary,138.213.0.227
585,Margery,Huband,mhubandg8@geocities.com,Non-binary,145.194.17.202
586,Goldarina,Hrinishin,ghrinishing9@slate.com,Non-binary,109.53.13.195
587,Julio,Vardey,jvardeyga@themeforest.net,Bigender,40.86.38.226
588,Grange,Lugden,glugdengb@ed.gov,Female,80.157.122.126
589,Eugenius,Murford,emurfordgc@webnode.com,Female,123.5.186.74
590,Trudey,Sackes,tsackesgd@un.org,Non-binary,24.124.233.61
591,Georgina,Mash,gmashge@51.la,Bigender,242.151.233.48
592,Hermann,Kernock,hkernockgf@bbb.org,Male,53.24.251.162
593,Olive,Owbrick,oowbrickgg@storify.com,Non-binary,188.15.144.29
594,Clo,Attwoul,cattwoulgh@wikipedia.org,Non-binary,110.253.227.199
595,Cassy,Dalgarnowch,cdalgarnowchgi@usnews.com,Female,89.127.31.32
596,Hazel,Trengrouse,htrengrousegj@berkeley.edu,Bigender,112.98.33.200
597,Orion,Quigley,oquigleygk@ask.com,Genderfluid,253.39.29.94
598,Artus,Buddles,abuddlesgl@va.gov,Agender,90.197.252.22
599,Liva,Veness,lvenessgm@comcast.net,Male,65.247.150.94
600,Gerty,Cashman,gcashmangn@ebay.co.uk,Genderqueer,46.200.121.33
601,Son,O'Hengerty,sohengertygo@ihg.com,Non-binary,69.8.199.96
602,Desiree,La Rosa,dlarosagp@goodreads.com,Genderqueer,32.142.221.228
603,Terrill,McGlashan,tmcglashangq@marriott.com,Female,224.31.15.135
604,Chance,Faye,cfayegr@tumblr.com,Non-binary,61.181.15.16
605,Inglis,Duckitt,iduckittgs@cbslocal.com,Bigender,117.77.14.230
606,Fawnia,MacDougal,fmacdougalgt@ifeng.com,Bigender,73.63.167.17
607,Bride,Chalfant,bchalfantgu@soup.io,Genderfluid,167.157.11.247
608,Sonnie,Greenleaf,sgreenleafgv@homestead.com,Genderfluid,218.23.40.164
609,Penrod,Golding,pgoldinggw@miibeian.gov.cn,Polygender,245.209.41.179
610,Milicent,Anker,mankergx@bloomberg.com,Polygender,160.31.132.123
611,Christian,Blinckhorne,cblinckhornegy@vistaprint.com,Male,166.19.144.65
612,Vilma,Ollerenshaw,vollerenshawgz@mail.ru,Genderqueer,161.38.212.70
613,Erskine,Durrett,edurretth0@unc.edu,Genderqueer,46.81.80.55
614,Corbie,Venner,cvennerh1@storify.com,Agender,44.255.189.21
615,Florina,Elsey,felseyh2@cargocollective.com,Genderqueer,161.229.133.72
616,Virgil,Aloshechkin,valoshechkinh3@blogger.com,Bigender,70.175.240.166
617,Jammal,Giannazzo,jgiannazzoh4@amazonaws.com,Non-binary,210.125.159.51
618,Kinny,Baxill,kbaxillh5@spotify.com,Female,145.212.8.245
619,Merv,Mountjoy,mmountjoyh6@sina.com.cn,Genderqueer,190.0.59.124
620,Glendon,Lefwich,glefwichh7@prweb.com,Male,143.28.130.212
621,Fleming,Checkley,fcheckleyh8@creativecommons.org,Agender,119.236.159.132
622,Florrie,Terrill,fterrillh9@sitemeter.com,Genderqueer,89.139.16.127
623,Clerissa,Wrack,cwrackha@washington.edu,Polygender,45.220.9.138
624,Kit,Sandyfirth,ksandyfirthhb@cyberchimps.com,Female,162.29.173.251
625,Aeriela,Tomisch,atomischhc@msu.edu,Male,223.211.149.217
626,Blake,McClaurie,bmcclauriehd@techcrunch.com,Bigender,28.6.175.237
627,Jilli,O'Ruane,joruanehe@hatena.ne.jp,Male,172.133.217.115
628,Holly,Ruskin,hruskinhf@google.nl,Female,117.245.9.184
629,Dalila,McMorran,dmcmorranhg@taobao.com,Genderfluid,115.2.85.191
630,Sosanna,Reidshaw,sreidshawhh@shutterfly.com,Male,100.53.33.73
631,Rosalie,Rowet,rrowethi@noaa.gov,Genderqueer,91.253.153.117
632,Reagan,Dutchburn,rdutchburnhj@buzzfeed.com,Male,75.31.47.141
633,Alissa,Stannett,astannetthk@latimes.com,Polygender,103.230.56.110
634,Georgia,Oade,goadehl@fotki.com,Genderqueer,42.157.95.49
635,Kimmi,Willers,kwillershm@bloglovin.com,Genderqueer,135.12.207.95
636,Dreddy,Sach,dsachhn@ft.com,Genderqueer,87.238.76.179
637,Hewitt,Collumbine,hcollumbineho@mlb.com,Bigender,235.255.140.90
638,Ricki,Kingman,rkingmanhp@wired.com,Bigender,238.21.198.52
639,Isabelita,Bussens,ibussenshq@mozilla.com,Genderfluid,86.8.254.141
640,Nona,Jeandel,njeandelhr@wix.com,Genderqueer,154.242.213.38
641,Harli,Stowers,hstowershs@discovery.com,Non-binary,120.125.140.166
642,Letti,Darington,ldaringtonht@reference.com,Polygender,150.18.210.150
643,Chaddy,Syseland,csyselandhu@nydailynews.com,Female,68.131.53.205
644,Joby,Mantrip,jmantriphv@g.co,Genderfluid,129.80.166.129
645,Burk,Hughes,bhugheshw@1und1.de,Polygender,190.166.77.84
646,Lloyd,Cully,lcullyhx@yolasite.com,Non-binary,203.17.165.123
647,Anabelle,Le Pine,alepinehy@goo.ne.jp,Agender,83.102.82.186
648,Leeann,Snartt,lsnartthz@webeden.co.uk,Non-binary,40.231.191.159
649,Cassandre,Dreini,cdreinii0@ehow.com,Non-binary,133.224.193.142
650,Amber,Reimer,areimeri1@aol.com,Bigender,159.244.164.186
651,Cristy,Omand,comandi2@goo.gl,Bigender,126.7.49.90
652,Katie,Goby,kgobyi3@nasa.gov,Agender,0.164.143.139
653,Ferrel,Escolme,fescolmei4@slate.com,Agender,207.230.118.204
654,Konstantin,Verrall,kverralli5@dailymail.co.uk,Polygender,67.69.221.135
655,Hanny,Cordery,hcorderyi6@rediff.com,Agender,70.131.107.155
656,Shelby,Mannie,smanniei7@digg.com,Male,225.184.142.208
657,Wadsworth,Tolemache,wtolemachei8@w3.org,Genderfluid,56.23.20.90
658,Ulises,Ecclestone,uecclestonei9@addtoany.com,Genderfluid,207.96.67.105
659,Lynna,Poppy,lpoppyia@wikimedia.org,Genderqueer,130.71.27.209
660,Doll,Baumaier,dbaumaierib@creativecommons.org,Genderqueer,79.164.138.248
661,Modesta,Yarrall,myarrallic@wikispaces.com,Male,152.102.193.51
662,Kingston,Heazel,kheazelid@google.es,Polygender,157.233.40.140
663,Virgina,Pantling,vpantlingie@ehow.com,Female,55.224.35.210
664,Chaddie,Gormally,cgormallyif@bravesites.com,Non-binary,156.253.23.135
665,Huntley,Whitlow,hwhitlowig@seesaa.net,Female,189.135.10.85
666,Cindie,Norridge,cnorridgeih@etsy.com,Female,157.82.161.216
667,Ailis,MacSkeagan,amacskeaganii@weather.com,Bigender,44.96.170.228
668,Henrik,MacMearty,hmacmeartyij@miibeian.gov.cn,Genderfluid,69.43.253.206
669,Silvain,Behneke,sbehnekeik@adobe.com,Male,117.1.239.237
670,Joe,Seeney,jseeneyil@samsung.com,Polygender,178.27.74.178
671,Ximenes,Diggens,xdiggensim@globo.com,Bigender,75.185.141.223
672,Cristin,Mandell,cmandellin@japanpost.jp,Genderqueer,109.174.110.215
673,Ber,Harker,bharkerio@simplemachines.org,Genderqueer,201.4.188.148
674,Ravid,Hatherley,rhatherleyip@dropbox.com,Agender,38.49.254.176
675,Krissy,Dewsbury,kdewsburyiq@lycos.com,Bigender,246.204.232.154
676,Kelsy,Liebermann,kliebermannir@stumbleupon.com,Female,142.205.122.63
677,Delainey,Dilnot,ddilnotis@issuu.com,Genderfluid,220.208.144.30
678,Johnath,Cella,jcellait@tinypic.com,Bigender,179.162.238.248
679,Darby,Suston,dsustoniu@ucoz.com,Female,135.153.130.125
680,Daile,Chisnell,dchisnelliv@weebly.com,Bigender,203.150.216.38
681,Toddie,Woodwing,twoodwingiw@adobe.com,Bigender,135.104.30.68
682,Lynnell,Brose,lbroseix@amazon.com,Female,209.116.239.190
683,Faunie,Orta,fortaiy@bbb.org,Polygender,224.149.252.233
684,Cristen,Greenstreet,cgreenstreetiz@google.pl,Polygender,48.207.30.140
685,Filberto,Davidove,fdavidovej0@foxnews.com,Non-binary,120.90.2.57
686,Heindrick,Geater,hgeaterj1@e-recht24.de,Non-binary,170.88.45.181
687,Klement,Arnald,karnaldj2@cam.ac.uk,Non-binary,221.255.138.56
688,Fraser,Yarrow,fyarrowj3@engadget.com,Genderqueer,92.32.31.185
689,Annnora,Lambrook,alambrookj4@nationalgeographic.com,Agender,208.154.22.173
690,Wendye,Lorek,wlorekj5@domainmarket.com,Genderqueer,122.151.72.146
691,Cristine,Sprague,cspraguej6@example.com,Agender,168.233.170.88
692,Lori,Durkin,ldurkinj7@thetimes.co.uk,Polygender,181.36.129.227
693,Taffy,Christal,tchristalj8@umn.edu,Agender,92.229.10.149
694,Cobb,Longson,clongsonj9@fotki.com,Genderqueer,81.144.106.152
695,Derek,Dumphry,ddumphryja@wordpress.com,Agender,71.213.134.77
696,Margarita,Grange,mgrangejb@ucsd.edu,Male,155.41.248.103
697,Rosalinde,Atcherley,ratcherleyjc@nature.com,Bigender,81.8.151.5
698,Malissa,Pavluk,mpavlukjd@example.com,Genderqueer,70.95.197.158
699,Alissa,Pristnor,apristnorje@eepurl.com,Genderfluid,244.63.21.97
700,Sloan,Eggle,segglejf@alexa.com,Polygender,70.48.18.246
701,Norma,MacGilrewy,nmacgilrewyjg@ezinearticles.com,Polygender,9.180.80.18
702,Elsinore,Silverston,esilverstonjh@blogtalkradio.com,Female,14.110.237.122
703,Joshuah,Carmo,jcarmoji@un.org,Bigender,254.43.54.91
704,Gabriel,Glassborow,gglassborowjj@cnbc.com,Female,217.180.233.4
705,Ange,Roskam,aroskamjk@ucsd.edu,Genderqueer,24.25.138.134
706,Terrijo,Assel,tasseljl@list-manage.com,Female,55.120.214.143
707,Carlee,Borzone,cborzonejm@umn.edu,Male,208.67.73.249
708,Bambi,House,bhousejn@ted.com,Genderqueer,183.41.27.239
709,Iseabal,Soggee,isoggeejo@unc.edu,Polygender,130.142.214.66
710,Chan,Wadeson,cwadesonjp@sohu.com,Male,31.139.45.133
711,Ira,Gislebert,igislebertjq@mac.com,Genderfluid,230.134.88.23
712,Jillana,Kerwick,jkerwickjr@intel.com,Bigender,222.95.104.91
713,Sergio,Iglesias,siglesiasjs@columbia.edu,Non-binary,86.169.152.168
714,Tucker,Hurne,thurnejt@ibm.com,Bigender,125.82.161.234
715,Jordan,McEntagart,jmcentagartju@forbes.com,Genderqueer,113.233.120.133
716,Kirby,Hylands,khylandsjv@symantec.com,Polygender,67.117.12.165
717,Nance,Ferrant,nferrantjw@deliciousdays.com,Non-binary,106.214.24.125
718,Jory,Lisciandro,jlisciandrojx@forbes.com,Genderfluid,97.231.196.76
719,Euphemia,Gerrets,egerretsjy@google.pl,Polygender,108.165.217.134
720,Raffarty,Raftery,rrafteryjz@statcounter.com,Male,82.139.40.185
721,Neala,Fahrenbacher,nfahrenbacherk0@aol.com,Non-binary,212.129.221.92
722,Kelley,Rosen,krosenk1@gizmodo.com,Bigender,24.4.226.139
723,Zorana,Stepto,zsteptok2@bing.com,Non-binary,78.213.14.90
724,Tabatha,Southern,tsouthernk3@latimes.com,Male,211.15.157.44
725,Winfred,Leather,wleatherk4@webmd.com,Bigender,119.58.109.56
726,Phoebe,Glaserman,pglasermank5@symantec.com,Genderqueer,35.194.93.19
727,Quent,Gareisr,qgareisrk6@foxnews.com,Polygender,60.80.157.228
728,Olwen,Genever,ogeneverk7@freewebs.com,Genderqueer,201.240.109.73
729,Pauletta,Byars,pbyarsk8@skyrock.com,Non-binary,196.20.153.20
730,Melisandra,Deeves,mdeevesk9@wufoo.com,Bigender,232.196.21.229
731,Winn,Huston,whustonka@scribd.com,Male,17.12.35.42
732,Leda,Lewcock,llewcockkb@livejournal.com,Genderqueer,161.249.128.253
733,Horatius,Garter,hgarterkc@mail.ru,Genderfluid,120.71.163.64
734,Ardelle,Burkitt,aburkittkd@instagram.com,Bigender,201.156.176.150
735,Fiorenze,Binion,fbinionke@people.com.cn,Agender,21.140.196.62
736,Hettie,Raynham,hraynhamkf@dagondesign.com,Female,167.181.194.180
737,Sander,Paudin,spaudinkg@theguardian.com,Male,19.91.168.110
738,Starla,MacRitchie,smacritchiekh@amazonaws.com,Female,149.184.11.242
739,Franni,Albury,falburyki@europa.eu,Male,241.10.122.240
740,Crissy,Crisall,ccrisallkj@youtube.com,Bigender,165.27.250.241
741,Teddy,Alenichicov,talenichicovkk@wufoo.com,Agender,23.112.56.202
742,Sigismund,Fitchell,sfitchellkl@last.fm,Bigender,204.127.118.102
743,Karoline,Lathee,klatheekm@google.ca,Polygender,127.150.142.95
744,Dilan,Sterley,dsterleykn@angelfire.com,Genderqueer,77.115.232.20
745,Rosalinde,Pracy,rpracyko@arstechnica.com,Polygender,236.16.68.88
746,Retha,Kaye,rkayekp@shop-pro.jp,Polygender,209.234.182.130
747,Karlene,McGuane,kmcguanekq@noaa.gov,Male,67.175.172.41
748,Moshe,Boddice,mboddicekr@sbwire.com,Genderfluid,7.35.185.35
749,Frances,Hearsey,fhearseyks@hubpages.com,Female,132.230.74.156
750,Alix,Lappine,alappinekt@yandex.ru,Polygender,237.237.92.186
751,Louise,Coton,lcotonku@reddit.com,Female,221.222.136.89
752,Edithe,Danat,edanatkv@vk.com,Female,49.113.177.85
753,Sarene,Grouse,sgrousekw@shinystat.com,Female,36.58.101.212
754,Germain,Burrows,gburrowskx@cbslocal.com,Female,102.233.87.55
755,Ravid,Hayball,rhayballky@360.cn,Agender,169.168.145.114
756,Daron,McVicker,dmcvickerkz@usatoday.com,Genderfluid,78.69.247.142
757,Ingelbert,Juarez,ijuarezl0@deviantart.com,Female,196.253.252.141
758,Agata,Sudell,asudelll1@51.la,Non-binary,242.131.8.85
759,Shanon,Staresmeare,sstaresmearel2@psu.edu,Agender,176.90.120.167
760,Roley,Gransden,rgransdenl3@vistaprint.com,Polygender,54.160.23.144
761,Daveen,Caig,dcaigl4@forbes.com,Female,123.181.54.186
762,Sergeant,Lasslett,slasslettl5@reverbnation.com,Female,29.102.168.5
763,Cherey,Minucci,cminuccil6@behance.net,Bigender,77.58.90.103
764,Laraine,Hanes,lhanesl7@patch.com,Male,7.111.38.240
765,Peyter,Fusco,pfuscol8@bloglovin.com,Female,166.44.102.23
766,Alic,Goddard,agoddardl9@walmart.com,Polygender,19.183.26.43
767,Erik,Fautly,efautlyla@netlog.com,Agender,74.101.66.133
768,Sophia,Underdown,sunderdownlb@ucoz.ru,Male,38.73.206.24
769,Hewie,Pee,hpeelc@sphinn.com,Polygender,199.165.57.177
770,Ludovico,Aldcorne,laldcorneld@deviantart.com,Non-binary,69.240.33.121
771,Cheryl,Bungey,cbungeyle@wikispaces.com,Agender,212.244.180.19
772,Alexine,Moran,amoranlf@pen.io,Non-binary,90.210.226.214
773,Derk,Germon,dgermonlg@shinystat.com,Bigender,73.243.131.73
774,Erik,Adam,eadamlh@si.edu,Genderqueer,130.145.79.116
775,Shaina,Wattins,swattinsli@youtube.com,Polygender,208.125.122.149
776,Vitoria,Denniston,vdennistonlj@friendfeed.com,Polygender,182.120.170.169
777,Christal,Kermitt,ckermittlk@dailymotion.com,Male,53.252.239.29
778,Bran,Rowan,browanll@canalblog.com,Non-binary,114.253.250.118
779,Bertina,Gordon,bgordonlm@google.fr,Male,126.6.193.20
780,Jean,Crickmer,jcrickmerln@google.ca,Male,112.45.117.183
781,Jolyn,Vescovini,jvescovinilo@discuz.net,Agender,217.255.136.33
782,Selig,Probbing,sprobbinglp@harvard.edu,Male,115.196.131.190
783,Nertie,Groveham,ngrovehamlq@histats.com,Female,49.223.242.42
784,Sharla,Bowry,sbowrylr@engadget.com,Male,185.105.46.207
785,Daniel,Abbess,dabbessls@dot.gov,Female,38.143.38.224
786,Lalo,Messingham,lmessinghamlt@ezinearticles.com,Genderfluid,80.127.3.242
787,Loralee,McShirrie,lmcshirrielu@wikimedia.org,Bigender,120.12.17.141
788,Lenard,Rannigan,lranniganlv@google.ca,Non-binary,33.220.66.213
789,Hildagarde,Bousquet,hbousquetlw@webnode.com,Male,222.149.158.58
790,Veriee,Davidai,vdavidailx@businessinsider.com,Genderfluid,177.40.215.177
791,Ole,Agget,oaggetly@japanpost.jp,Genderfluid,46.132.107.173
792,Orin,Musselwhite,omusselwhitelz@sphinn.com,Male,136.163.8.150
793,Niccolo,Vannacci,nvannaccim0@mlb.com,Male,201.45.96.26
794,Rice,Nourse,rnoursem1@posterous.com,Male,116.9.255.171
795,Roberta,Grima,rgrimam2@google.ca,Genderqueer,47.132.132.216
796,Tess,Evens,tevensm3@g.co,Agender,237.159.30.228
797,Lethia,Whittock,lwhittockm4@linkedin.com,Male,112.246.189.21
798,Dorice,Tatlow,dtatlowm5@home.pl,Genderqueer,136.241.68.122
799,Milena,Duligal,mduligalm6@cbslocal.com,Male,228.17.203.163
800,Olivier,Maffi,omaffim7@ted.com,Genderqueer,112.157.6.71
801,Maddalena,Inchcomb,minchcombm8@opensource.org,Bigender,75.68.128.18
802,Jose,Schafer,jschaferm9@geocities.com,Female,144.27.213.196
803,Margalit,Bengtson,mbengtsonma@usgs.gov,Male,18.13.110.75
804,Teressa,Korba,tkorbamb@vistaprint.com,Male,240.120.44.116
805,Cyrille,Kumaar,ckumaarmc@digg.com,Agender,99.134.193.65
806,Chen,Longdon,clongdonmd@t-online.de,Genderqueer,113.137.97.46
807,Ivett,Croxon,icroxonme@diigo.com,Non-binary,149.55.114.63
808,Annabal,Cess,acessmf@linkedin.com,Agender,119.76.100.193
809,Tiebout,Pfeuffer,tpfeuffermg@weibo.com,Female,126.93.158.15
810,Arda,Kinnin,akinninmh@who.int,Genderqueer,148.163.203.165
811,Honor,Duferie,hduferiemi@hao123.com,Male,85.99.186.140
812,Pyotr,Chislett,pchislettmj@uol.com.br,Male,122.183.84.42
813,Mariya,Thring,mthringmk@merriam-webster.com,Agender,26.122.160.233
814,Ana,Wohlers,awohlersml@edublogs.org,Bigender,141.35.241.36
815,Chris,Passman,cpassmanmm@reference.com,Polygender,204.206.47.111
816,Letitia,Tilsley,ltilsleymn@dyndns.org,Genderfluid,106.77.30.189
817,Taddeusz,Ciric,tciricmo@berkeley.edu,Male,141.127.198.143
818,Marcille,Doudney,mdoudneymp@friendfeed.com,Agender,119.211.182.202
819,Lind,John,ljohnmq@house.gov,Polygender,117.145.116.240
820,Esme,Siggens,esiggensmr@intel.com,Agender,182.111.169.200
821,Ira,Circuitt,icircuittms@wunderground.com,Polygender,104.34.164.16
822,Hew,Crossby,hcrossbymt@plala.or.jp,Female,81.88.163.37
823,Atlante,Clifford,acliffordmu@meetup.com,Non-binary,165.14.116.45
824,Becca,Glasebrook,bglasebrookmv@uol.com.br,Genderfluid,223.134.135.139
825,Janith,Cansdall,jcansdallmw@rediff.com,Genderqueer,178.27.79.144
826,Terese,Iffe,tiffemx@ca.gov,Genderfluid,149.152.185.173
827,Jillene,Pea,jpeamy@dagondesign.com,Polygender,94.234.243.37
828,Ashley,McAuliffe,amcauliffemz@parallels.com,Non-binary,155.224.235.43
829,Jackquelin,Doerffer,jdoerffern0@google.com,Bigender,166.182.113.189
830,Ninon,Como,ncomon1@examiner.com,Female,158.178.213.150
831,Amabelle,Mobberley,amobberleyn2@uol.com.br,Agender,217.154.220.53
832,Charin,McIlvoray,cmcilvorayn3@elegantthemes.com,Bigender,225.127.240.173
833,Mikel,Zaple,mzaplen4@about.me,Female,111.47.216.65
834,Osbourn,Linham,olinhamn5@imdb.com,Genderfluid,214.123.39.203
835,Hedvig,Reisenberg,hreisenbergn6@ning.com,Female,169.2.201.160
836,Willamina,Atherley,watherleyn7@qq.com,Polygender,10.31.227.136
837,Ame,Baillie,abaillien8@smugmug.com,Agender,239.95.131.43
838,Nathaniel,Frere,nfreren9@alexa.com,Non-binary,23.239.213.27
839,Edgard,Wiltshear,ewiltshearna@redcross.org,Genderfluid,123.97.148.56
840,Abigale,Roydon,aroydonnb@csmonitor.com,Male,35.135.145.23
841,Jessi,Grelik,jgreliknc@archive.org,Agender,246.39.158.140
842,Jobie,Hann,jhannnd@bravesites.com,Agender,78.121.179.188
843,Melva,Gillett,mgillettne@people.com.cn,Male,152.216.225.94
844,Bernardina,Tasseler,btasselernf@bandcamp.com,Genderfluid,101.137.127.228
845,Annamaria,Hurn,ahurnng@mayoclinic.com,Non-binary,4.44.136.59
846,Sherie,Maps,smapsnh@netvibes.com,Genderfluid,84.93.237.4
847,Howie,Zannetti,hzannettini@marriott.com,Polygender,175.57.117.219
848,Goldia,Stockport,gstockportnj@51.la,Male,159.56.174.111
849,Abran,Knipe,aknipenk@naver.com,Non-binary,136.94.230.235
850,Fayre,Holwell,fholwellnl@cdbaby.com,Male,40.61.28.84
851,Simon,Studdert,sstuddertnm@google.pl,Female,81.5.138.115
852,Nance,Dodswell,ndodswellnn@jigsy.com,Bigender,231.215.230.136
853,Humfried,Stut,hstutno@yelp.com,Bigender,115.12.212.160
854,Hansiain,Budgeon,hbudgeonnp@cmu.edu,Polygender,241.241.245.4
855,Jodi,Geroldini,jgeroldininq@eventbrite.com,Male,107.88.16.232
856,Max,Conkey,mconkeynr@behance.net,Polygender,74.129.15.216
857,Juliet,Maddrell,jmaddrellns@ed.gov,Polygender,159.24.253.106
858,Shoshanna,Skudder,sskuddernt@earthlink.net,Non-binary,127.188.244.216
859,Mathilde,Dominichelli,mdominichellinu@github.com,Polygender,246.195.159.136
860,Ritchie,Pinsent,rpinsentnv@toplist.cz,Genderfluid,116.30.197.133
861,Claudette,Riddick,criddicknw@intel.com,Male,131.88.226.33
862,Billie,Quinell,bquinellnx@tripod.com,Male,126.101.39.255
863,Lindy,Brody,lbrodyny@buzzfeed.com,Agender,127.2.19.122
864,Bob,Lowrie,blowrienz@columbia.edu,Genderqueer,166.174.226.104
865,Cheryl,Thwaite,cthwaiteo0@hibu.com,Agender,170.45.109.194
866,Haze,Siveyer,hsiveyero1@bizjournals.com,Agender,149.114.134.32
867,Claudette,Harrill,charrillo2@sitemeter.com,Bigender,77.181.104.89
868,Rosalynd,Livens,rlivenso3@mozilla.com,Polygender,172.68.216.221
869,Joaquin,Lambrecht,jlambrechto4@hc360.com,Male,239.62.135.1
870,Dew,Allkins,dallkinso5@cnet.com,Female,75.179.5.163
871,Dolorita,Moncreiffe,dmoncreiffeo6@hc360.com,Agender,177.95.62.146
872,Michelle,Antognoni,mantognonio7@businessweek.com,Genderfluid,137.122.28.100
873,Marcella,Bridel,mbridelo8@earthlink.net,Female,218.170.120.244
874,Gale,Sired,gsiredo9@wordpress.org,Non-binary,145.173.15.98
875,Charil,Edsell,cedselloa@odnoklassniki.ru,Genderqueer,9.187.199.142
876,Claresta,Prestage,cprestageob@devhub.com,Genderfluid,114.15.141.4
877,Raynor,Swaile,rswaileoc@cam.ac.uk,Bigender,21.2.29.203
878,Drud,McCaughey,dmccaugheyod@miitbeian.gov.cn,Female,171.194.112.53
879,Zeb,Pardey,zpardeyoe@xrea.com,Male,134.214.254.117
880,Reinhard,Lantiff,rlantiffof@plala.or.jp,Male,14.85.255.127
881,Dex,Amdohr,damdohrog@ask.com,Genderqueer,137.8.24.176
882,Sher,Saipy,ssaipyoh@msu.edu,Female,54.204.44.100
883,Briana,Chazotte,bchazotteoi@youtu.be,Genderqueer,118.27.89.129
884,Titos,Remer,tremeroj@state.tx.us,Female,177.66.224.60
885,Melisandra,Ondricek,mondricekok@blinklist.com,Polygender,134.75.197.203
886,Timmy,Vieyra,tvieyraol@cornell.edu,Female,91.178.2.62
887,Terri,Dionisii,tdionisiiom@archive.org,Genderqueer,243.59.119.89
888,Robinson,Cordet,rcordeton@nbcnews.com,Male,82.129.79.24
889,Evita,Stainton,estaintonoo@nih.gov,Non-binary,183.146.215.111
890,Carolann,Flacke,cflackeop@slate.com,Genderqueer,69.27.164.104
891,Milena,Anstey,mansteyoq@e-recht24.de,Polygender,103.23.84.33
892,Jania,Hulls,jhullsor@nydailynews.com,Male,61.57.171.141
893,Francklin,Mervyn,fmervynos@earthlink.net,Female,135.13.236.139
894,Alayne,Guidoni,aguidoniot@histats.com,Genderfluid,165.49.253.239
895,Shaylyn,Swindon,sswindonou@disqus.com,Male,237.9.98.70
896,Cordie,Nazair,cnazairov@census.gov,Genderqueer,147.104.73.171
897,Clywd,Sands,csandsow@twitter.com,Genderfluid,111.124.255.250
898,Bancroft,Dodsley,bdodsleyox@accuweather.com,Female,36.245.8.114
899,Amandie,Wildblood,awildbloodoy@bizjournals.com,Male,229.201.181.6
900,Abe,Bromley,abromleyoz@nationalgeographic.com,Agender,76.214.122.44
901,Karil,Ailmer,kailmerp0@apache.org,Genderfluid,187.173.126.24
902,Anselm,Foden,afodenp1@epa.gov,Non-binary,32.182.162.32
903,Dagmar,Dagon,ddagonp2@huffingtonpost.com,Polygender,142.3.207.56
904,Verney,Ham,vhamp3@digg.com,Genderqueer,109.166.192.128
905,Yolanda,Whittleton,ywhittletonp4@wikispaces.com,Genderqueer,135.235.172.66
906,Fransisco,Gauvin,fgauvinp5@google.fr,Non-binary,100.9.167.251
907,Brigham,Pafford,bpaffordp6@icq.com,Genderqueer,16.242.235.90
908,Irwin,Crockley,icrockleyp7@hubpages.com,Genderfluid,222.235.254.19
909,Garrek,Coomer,gcoomerp8@etsy.com,Agender,108.104.80.84
910,Daffie,Lockhart,dlockhartp9@biglobe.ne.jp,Male,205.63.251.86
911,Veradis,Fochs,vfochspa@redcross.org,Genderqueer,239.37.45.187
912,Corie,Paulillo,cpaulillopb@salon.com,Male,115.14.160.3
913,Thomasin,Powley,tpowleypc@dot.gov,Agender,2.18.204.234
914,Hetty,Siss,hsisspd@imageshack.us,Genderfluid,21.76.171.199
915,Bealle,Ruhben,bruhbenpe@answers.com,Genderqueer,39.72.28.226
916,Susi,Tue,stuepf@spiegel.de,Female,100.21.251.209
917,Cacilia,Coleiro,ccoleiropg@soup.io,Non-binary,196.75.19.71
918,Gino,Dyster,gdysterph@wordpress.org,Non-binary,199.0.213.91
919,Violetta,Cadagan,vcadaganpi@yolasite.com,Male,231.156.93.136
920,Friederike,Leworthy,fleworthypj@chron.com,Genderqueer,77.225.117.5
921,Tracy,Domoney,tdomoneypk@opensource.org,Male,13.167.131.233
922,Deb,Heffernan,dheffernanpl@wufoo.com,Genderfluid,193.27.173.238
923,Ronnie,Bemrose,rbemrosepm@zimbio.com,Genderfluid,0.107.106.6
924,Darda,Sybry,dsybrypn@earthlink.net,Genderfluid,224.165.89.128
925,Sallee,Vesco,svescopo@simplemachines.org,Genderqueer,255.38.34.28
926,Morten,Pantling,mpantlingpp@xrea.com,Non-binary,142.155.175.93
927,Kamilah,Hucknall,khucknallpq@state.tx.us,Genderfluid,83.233.53.28
928,Torr,Joris,tjorispr@angelfire.com,Agender,91.107.183.134
929,Tod,Fewster,tfewsterps@mapquest.com,Male,69.90.126.95
930,Adelice,Durman,adurmanpt@biblegateway.com,Polygender,95.131.2.78
931,Glen,Hrinchenko,ghrinchenkopu@gnu.org,Genderqueer,229.190.72.230
932,Fionnula,Sopp,fsopppv@cargocollective.com,Polygender,175.110.166.147
933,Tabina,Stockey,tstockeypw@posterous.com,Male,209.177.178.228
934,Rose,Anfrey,ranfreypx@blogs.com,Bigender,221.187.227.66
935,Hogan,Amthor,hamthorpy@gov.uk,Non-binary,188.66.253.207
936,Rollo,Goor,rgoorpz@census.gov,Bigender,243.100.67.170
937,Eward,Abbyss,eabbyssq0@cbslocal.com,Male,65.139.186.204
938,Nicolle,Stuttman,nstuttmanq1@usnews.com,Female,39.185.11.104
939,Fredia,Luxton,fluxtonq2@shutterfly.com,Female,149.8.31.14
940,Ernst,Ledekker,eledekkerq3@ning.com,Non-binary,240.111.174.163
941,Miguela,Rosenthal,mrosenthalq4@sciencedirect.com,Non-binary,68.176.213.252
942,Orel,Larrad,olarradq5@hao123.com,Genderfluid,78.184.26.112
943,Breena,Gaskarth,bgaskarthq6@discuz.net,Genderqueer,4.247.157.61
944,Janaye,Parsall,jparsallq7@intel.com,Female,144.13.176.232
945,Humphrey,Alexandrescu,halexandrescuq8@time.com,Genderfluid,232.135.57.145
946,Jens,Capper,jcapperq9@nymag.com,Non-binary,136.9.213.45
947,Noll,Joannic,njoannicqa@dailymail.co.uk,Genderfluid,197.22.245.147
948,Jessamine,Stodart,jstodartqb@marriott.com,Non-binary,178.134.178.250
949,Hazel,McPhelimy,hmcphelimyqc@microsoft.com,Genderqueer,93.150.66.148
950,Finlay,Gorger,fgorgerqd@biglobe.ne.jp,Genderqueer,160.4.153.102
951,Vaughn,Willas,vwillasqe@who.int,Genderfluid,181.83.85.121
952,Ciel,Charle,ccharleqf@a8.net,Non-binary,207.104.241.114
953,Esteban,Hulkes,ehulkesqg@quantcast.com,Genderqueer,181.130.87.95
954,Constantino,Densham,cdenshamqh@dmoz.org,Genderfluid,100.161.15.71
955,Nicholas,Goldine,ngoldineqi@so-net.ne.jp,Polygender,177.7.195.127
956,Leticia,Syalvester,lsyalvesterqj@yellowbook.com,Genderqueer,33.74.251.101
957,Flinn,Cristofalo,fcristofaloqk@wikipedia.org,Agender,149.169.73.10
958,Glyn,Oldfield-Cherry,goldfieldcherryql@vk.com,Bigender,67.40.51.168
959,Nona,Stagge,nstaggeqm@sbwire.com,Male,151.143.0.145
960,Lucita,McArt,lmcartqn@qq.com,Female,147.215.83.20
961,Ripley,O'Shiels,roshielsqo@msn.com,Male,239.222.46.83
962,Ester,Kinglake,ekinglakeqp@about.me,Genderqueer,153.225.240.28
963,Deva,Jewes,djewesqq@bluehost.com,Agender,51.33.69.104
964,Aggi,Hearse,ahearseqr@behance.net,Polygender,35.105.60.238
965,Gian,Guidera,gguideraqs@alexa.com,Male,241.242.178.69
966,Rouvin,Ahern,rahernqt@wunderground.com,Male,159.171.44.196
967,Abbey,Andreoletti,aandreolettiqu@sourceforge.net,Female,227.218.187.40
968,Pietrek,Hammatt,phammattqv@foxnews.com,Bigender,26.138.234.215
969,Neel,Sewards,nsewardsqw@tripod.com,Bigender,158.178.28.50
970,Donn,Coggings,dcoggingsqx@skyrock.com,Non-binary,183.217.43.118
971,Diannne,Friberg,dfribergqy@simplemachines.org,Genderfluid,104.84.30.154
972,Benedetto,Siggs,bsiggsqz@shinystat.com,Genderfluid,146.158.164.173
973,Anders,Jeays,ajeaysr0@4shared.com,Polygender,238.255.123.234
974,Calv,Cavanagh,ccavanaghr1@pagesperso-orange.fr,Bigender,44.239.238.80
975,Freddy,Petrik,fpetrikr2@cisco.com,Female,159.66.77.109
976,Herby,Hardin,hhardinr3@buzzfeed.com,Genderqueer,221.216.65.214
977,Neala,Wasylkiewicz,nwasylkiewiczr4@wiley.com,Polygender,53.112.49.96
978,Caye,Seldner,cseldnerr5@engadget.com,Non-binary,193.35.73.194
979,Oates,Crisall,ocrisallr6@ifeng.com,Polygender,199.43.183.152
980,Myrtice,Hasty,mhastyr7@foxnews.com,Genderfluid,211.83.242.233
981,Sara,Hubbis,shubbisr8@com.com,Genderfluid,182.57.98.241
982,Maisey,O'Cahsedy,mocahsedyr9@sohu.com,Genderfluid,152.85.247.97
983,Johnette,McGirr,jmcgirrra@t.co,Female,199.164.80.7
984,Tudor,Deveril,tdeverilrb@feedburner.com,Agender,187.250.165.7
985,Stan,Lodder,slodderrc@google.cn,Bigender,24.31.240.142
986,Rockey,Alldred,ralldredrd@de.vu,Female,105.253.251.223
987,Carma,Kosiada,ckosiadare@google.ca,Non-binary,8.252.43.235
988,Milt,Foley,mfoleyrf@jalbum.net,Non-binary,16.248.66.217
989,Dalis,Sapp,dsapprg@oaic.gov.au,Non-binary,210.164.254.214
990,Livvyy,Vanshin,lvanshinrh@tamu.edu,Female,200.196.220.214
991,Mahmud,Binny,mbinnyri@wix.com,Non-binary,207.242.232.225
992,Chauncey,Wray,cwrayrj@chron.com,Genderfluid,27.36.75.213
993,Fiann,Phoebe,fphoeberk@dot.gov,Genderqueer,190.64.99.58
994,Edee,Favela,efavelarl@google.com,Genderfluid,23.252.48.145
995,Mendel,Sotheby,msothebyrm@unblog.fr,Male,31.33.79.254
996,Veradis,Tansley,vtansleyrn@1688.com,Non-binary,146.143.175.202
997,Cherri,Bilby,cbilbyro@comsenz.com,Polygender,95.224.206.218
998,Hadrian,Gadsdon,hgadsdonrp@blinklist.com,Genderqueer,5.246.49.190
999,Shalne,Cardis,scardisrq@oakley.com,Polygender,174.48.88.97
1000,Kiley,McGenis,kmcgenisrr@hugedomains.com,Non-binary,225.83.217.56
